{"cameraMode":{"drawMode":0,"name":"Shaded","section":"Shading Mode"},"sceneLighting":false,"audioPlay":false,"sceneViewState":{"m_AlwaysRefresh":false,"showFog":true,"showSkybox":false,"showFlares":true,"showImageEffects":true,"showParticleSystems":true,"showVisualEffectGraphs":true,"m_FxEnabled":true},"in2DMode":false,"pivot":{"x":-0.12142783403396607,"y":1.070000171661377,"z":11.007270812988282},"rotation":{"x":-0.24143224954605103,"y":-0.0834144800901413,"z":0.02076766826212406,"w":-0.9664076566696167},"size":1.3283873796463013,"orthographic":false}