{"cameraMode":{"drawMode":0,"name":"Shaded","section":"Shading Mode"},"sceneLighting":false,"audioPlay":false,"sceneViewState":{"m_AlwaysRefresh":false,"showFog":true,"showSkybox":false,"showFlares":true,"showImageEffects":true,"showParticleSystems":true,"showVisualEffectGraphs":true,"m_FxEnabled":true},"in2DMode":false,"pivot":{"x":0.8704875111579895,"y":1.3484805822372437,"z":-2.6646313667297365},"rotation":{"x":-0.009072843007743359,"y":0.9624084830284119,"z":-0.03359433636069298,"w":-0.26883384585380556},"size":0.13033360242843629,"orthographic":false}